config,n_inputs,roc_auc_mean,roc_auc_sd,pr_auc_mean,pr_auc_sd,brier_mean,brier_sd,cal_slope_mean,cal_slope_sd,cal_intercept_mean,cal_intercept_sd,roc_auc_ci_low,roc_auc_ci_high,delta_vs_all,p_vs_all
all_features,72,0.8093459416863672,0.012571367023309462,0.618093831276548,0.019708160137076026,0.11679297564882553,0.002994280206934982,0.9970787058707048,0.06082122955807215,0.06293642751757296,0.027192887049059797,0.7695141843971631,0.8556182033096927,,
top5_mutual_info,5,0.7783471237194641,0.015682706616510448,0.5663273109233942,0.017577037549239505,0.12076394839862391,0.002585358044601236,0.9517298822161813,0.045769271187199104,0.042582224589611674,0.028632838433812827,0.7388259456264775,0.8332887115839245,-0.026447990543735367,0.1217583449382418
top10_mutual_info,10,0.7914263199369582,0.011651359255967898,0.5959486173280985,0.02043036018388605,0.11702009145684976,0.0032150876441837894,0.9522265852509872,0.03581193414077824,0.023263399401176065,0.013907545004385626,0.7508625886524823,0.8440797872340424,-0.014669030732860522,0.28349935671221793
top15_mutual_info,15,0.7990405831363279,0.009322744817500598,0.6001196617702841,0.01189673526208715,0.11633333971425981,0.002110589024526314,0.9727669775617033,0.027106613328556947,0.031197089082719596,0.023136366709003108,0.7597198581560283,0.8499426713947991,-0.0073286052009455815,0.5472682865154019
top20_mutual_info,20,0.8010185185185185,0.00485098351961262,0.5997459024050279,0.009024787902895109,0.11637378530321589,0.0014994725168192607,0.9588971676797294,0.01260661681581166,0.020482309113847564,0.02440736725073579,0.7615552600472815,0.8531122931442079,-0.003947990543735291,0.7029024962809427
top30_mutual_info,30,0.8011583924349881,0.00637871979445779,0.6030659317371261,0.00954512353019366,0.11723359924402249,0.0018060779233918444,0.9634634549233764,0.021284074624590733,0.030149114172053414,0.03082011365356324,0.7606252955082742,0.850508865248227,-0.006524822695035626,0.4523412821974473
top45_mutual_info,45,0.8066489361702128,0.013136755768351648,0.6090556320031302,0.02148013123686645,0.11608907089734727,0.0031458715551580412,0.9888299280175805,0.04991585447814465,0.04087445913796159,0.030113384654037373,0.7685505319148936,0.8575540780141844,0.00017730496453904898,0.9797987945676938
stability_selection,1000000,0.7678073286052008,0.0181624260731145,0.5762180335339188,0.021830678745021318,0.12516958148596424,0.004393185153028551,0.8959404625650608,0.06421793990720065,0.028242941515866284,0.031406379023914896,0.7268203309692671,0.81955378250591,-0.038877068557919725,0.008619262168287132
without_demografia_i_wywiad,64,0.7780969267139479,0.008540489740878697,0.5846083527018581,0.013181234011213318,0.12241748505056053,0.0023107820235433118,0.9680308012425108,0.04266714985262431,0.0384692689005037,0.02042254931300028,0.7325797872340427,0.8252281323877069,-0.03325059101654848,0.013534025093888655
without_typ_zapalenia,69,0.8084200157604413,0.013211198139015065,0.6009892775316557,0.027747404922723224,0.11874906637155998,0.003907072532049532,0.9868783815295936,0.0602907323807112,0.058138223603179634,0.019127292498617405,0.7689125295508275,0.8532978723404254,-0.0013947990543736744,0.5045939653850144
without_podstawa_rozpoznania,66,0.8075019700551617,0.014387539306253834,0.6156788734569271,0.025480658663561712,0.11699368036521345,0.004292441718972249,0.9873885688007279,0.0713031389514407,0.05787327645981286,0.020712849365147532,0.7683549054373522,0.8534323286052009,-0.001985815602836838,0.3162704296309029
without_manifestacje_narzadowe,59,0.7979826635145785,0.01158731516284967,0.5860647188369025,0.017113658033418223,0.12147581317779532,0.003078590185366045,0.9731962967572767,0.039565102660167516,0.05722692449557467,0.022423706890632035,0.7566882387706855,0.8454385342789598,-0.011619385342789723,0.13229948279347223
without_laboratoria,68,0.8005851063829786,0.010686956947414476,0.6016336677864808,0.015299017575909742,0.11928899632385444,0.0029119278943975915,0.9829185376214413,0.041944995846905905,0.06767183178183823,0.03153298126902531,0.7611412529550826,0.847790780141844,-0.008723404255319256,0.32470035764479754
without_serologia,59,0.8121040189125295,0.012439891751307759,0.6238805242454086,0.02571610574740612,0.11590879288409489,0.00398598743501731,1.0059954634902017,0.06591979441214944,0.06395339643555409,0.03141209790599447,0.7734154846335698,0.8584160756501181,0.003120567375886507,0.19654620456009242
without_biopsja,60,0.8119542947202522,0.01491514229967319,0.6186856777132048,0.028402737439871827,0.11658951296184943,0.0038504360412599066,1.0259362826290834,0.06913417899470643,0.061679775164227124,0.026665743787408644,0.77276536643026,0.858125,0.0024349881796690287,0.4863611129382417
without_leczenie_indukcyjne,59,0.8082899921197794,0.007989899652771179,0.6063706621474957,0.015397355089790654,0.11725879208946743,0.0025774651034817645,0.9932480799735197,0.04353029268975514,0.053503292336191055,0.014304460185723643,0.7681601654846336,0.8530283687943262,-0.0018557919621751129,0.6899096173684547
compact_clinical,14,0.7871315996847912,0.007104452409777644,0.5882819004500021,0.007004499411579454,0.12359067268017761,0.0015232133505171266,0.9601348611302027,0.03474224613555463,0.02576368381775093,0.012228752338127284,0.7461678486997637,0.8342700945626477,-0.02225768321513011,0.07909604044497995
api_form_20,20,0.7931087470449173,0.006827967912755274,0.6015300179077828,0.008457053021804446,0.1184048377822503,0.0015889702713918878,0.9534449427408044,0.03423130820197519,0.03367218279646662,0.019617754156027317,0.7494264184397164,0.8387606382978723,-0.018392434988179662,0.057596391357088945
