config,n_inputs,harrell_c_mean,uno_c_mean,auc_1y_mean,auc_3y_mean,auc_5y_mean,harrell_c_sd,uno_c_sd,auc_1y_sd,auc_3y_sd,auc_5y_sd,delta_vs_all,p_vs_all
all_features,72,0.8163313297777276,0.8197627534915206,0.9156345722309309,0.803458576701014,0.8392876008401733,0.0014777575017978013,0.003941276736291288,0.01860100200296529,0.0018203220361022589,0.004177315694368081,,
top5_mutual_info,5,0.7165203977010846,0.7188102044598378,0.7313017384855388,0.7164114576601553,0.7362553278043126,0.013620663235041689,0.018013933181226897,0.0324334590168307,0.01824350122868938,0.0113252710825556,-0.06092502186979709,0.004
top10_mutual_info,10,0.7743695384297015,0.7598976005519699,0.8631405318496365,0.7906397532022448,0.794666339525265,0.02425467298361159,0.02842839464001596,0.013539751081426885,0.023432034872872647,0.031085920600046554,-0.01619775940401269,0.268
top15_mutual_info,15,0.7723095446379021,0.7647847531664063,0.8718015548183812,0.767546006107386,0.7878863114370271,0.01711385240864113,0.015183632261778915,0.041599080514977294,0.03041406403599953,0.025945340409435542,-0.024691706408556002,0.028
top20_mutual_info,20,0.7822426653874012,0.7753993778463187,0.8825741756525894,0.7845058723014713,0.8028217182319534,0.00882884885156626,0.003469108655524619,0.02326272027234924,0.03040058623707323,0.018947300865443422,-0.017890904986313738,0.108
top30_mutual_info,30,0.7979795129384541,0.7966450468622472,0.8976610969000847,0.7962499425806655,0.8207877749920067,0.009161779558180677,0.006619642760253619,0.015697142678861215,0.016317634012884264,0.013216028685188059,-0.009594491633038937,0.216
top45_mutual_info,45,0.8051753816632333,0.8032534733941503,0.9066333174469122,0.7993367846400338,0.8226350182119998,0.006111763066099328,0.00567124961214137,0.01325222635909465,0.00909215387902559,0.004884521651243988,-0.0060671050032451435,0.316
stability_selection,1000000,0.7437047906613614,0.7286088926499606,0.8118963841656627,0.7436334938050958,0.7876735554965157,0.00857301356533008,0.0040429399485498495,0.027206340240472356,0.0219174358232725,0.008609083226121712,-0.0529107994469058,0.004
without_demografia_i_wywiad,64,0.7500258675019517,0.7628580592878912,0.8595229928584468,0.7238030647771702,0.7796990592751443,0.004581787836572503,0.006247147377705137,0.03801421773286074,0.008579475378114317,0.006483008705036589,-0.0657222676863165,0.0
without_typ_zapalenia,69,0.818137351732182,0.8199826043915229,0.9062052239510496,0.806064173422888,0.8379110673352437,0.0008960765529087448,0.0019925047984302928,0.016169470963029346,0.0025755884468629947,0.0046876906358856735,0.0016931455823010477,0.62
without_podstawa_rozpoznania,66,0.8131896040861246,0.8141168783600192,0.9094483711148943,0.7995266081616247,0.8364137298113136,0.0013017538273184153,0.0013959928273763445,0.024596917990873404,0.00479941078777732,0.006277120372597664,-0.003245195699410175,0.192
without_manifestacje_narzadowe,59,0.8059090780822306,0.8150974094042983,0.9029532505030632,0.79337835937033,0.8333835046190906,0.0031737385546721213,0.0033283206086441985,0.025622108445060233,0.004422928960429546,0.007515032238309077,-0.009848463470384039,0.004
without_laboratoria,68,0.8068685272455344,0.8098339547206322,0.8983523510925836,0.7894735129999789,0.8252964980644427,0.006715966289345572,0.009799954929155568,0.02463717490515134,0.007593605236341249,0.008508759385977324,-0.008719699748850007,0.112
without_serologia,59,0.8199245609579441,0.8218307677457405,0.9235838522711868,0.8089637782048577,0.8415777726729949,0.00156719740957924,0.001332597189454561,0.011473355912035792,0.002177133866369118,0.0036104149536468674,0.0034145102576403907,0.172
without_biopsja,60,0.8144500569085044,0.8130830001943465,0.9139084673860246,0.8092781233720188,0.8317856497663564,0.0036283579738385445,0.005706891131113352,0.013936577975185988,0.009801684017419297,0.009489491141480275,-0.0011287637215339208,0.916
without_leczenie_indukcyjne,59,0.8043570279651212,0.800458759468715,0.9184475882130926,0.789452001028717,0.8228124972204056,0.0027166648523427395,0.005603953700189799,0.02033030877680192,0.0034762145259388815,0.009376909742353935,-0.012331743657758798,0.072
compact_clinical,14,0.7980829829462613,0.7846892895326693,0.9575993814020033,0.7914393921939263,0.8175088049234954,0.005291387210337411,0.005484485080506485,0.005054823596278172,0.016802434547033358,0.0146689104031122,-0.017100770381239916,0.26
api_form_20,20,0.8183160726547584,0.8079153554229318,0.9279723960202836,0.8341930677424294,0.8393259903219329,0.002215213781746997,0.002951367040846678,0.008401952648304418,0.002311525800745467,0.005311578163847764,0.0024268420012980574,0.716
