population,features,n,deaths,mortality,xgb_auc,xgb_auc_sd,xgb_pr_auc,rsf_c,rsf_c_sd,rsf_auc5y
all_patients,all_features,714,150,0.21008403361344538,0.8093459416863672,0.012571367023309462,0.618093831276548,0.8163313297777276,0.0014777575017978013,0.8392876008401733
all_patients,top20_mutual_info,714,150,0.21008403361344538,0.8010185185185185,0.00485098351961262,0.5997459024050279,0.7822426653874012,0.00882884885156626,0.8028217182319534
all_patients,without_serologia,714,150,0.21008403361344538,0.8121040189125295,0.012439891751307759,0.6238805242454086,0.8199245609579441,0.00156719740957924,0.8415777726729949
without_incomplete_records,all_features,636,83,0.13050314465408805,0.7038860686870447,0.011366959003038739,0.28043310662494064,0.7777037636199268,0.004350172096815345,0.773932170543016
without_incomplete_records,top20_mutual_info,636,83,0.13050314465408805,0.643372767743669,0.029760511173573267,0.22537679606696917,0.7340486273017081,0.041229902042248204,0.7208549128277949
without_incomplete_records,without_serologia,636,83,0.13050314465408805,0.7008141063349238,0.01198331381440285,0.28491290006516534,0.7837782112892738,0.00435103937330411,0.7906300787299824
missing_le_20pct,all_features,634,90,0.14195583596214512,0.718218954248366,0.017779336323485037,0.28885987569166943,0.7855515072119649,0.01419304165285166,0.7895126135245013
missing_le_20pct,top20_mutual_info,634,90,0.14195583596214512,0.6651041666666667,0.02433158114308573,0.27300628660725823,0.7557211282597125,0.04227761709764369,0.7515487856204427
missing_le_20pct,without_serologia,634,90,0.14195583596214512,0.7207992919389978,0.01906824867472017,0.3003957019531452,0.7959498369290813,0.009801825123538006,0.8062667877465236
centres_ge_20_patients,all_features,617,112,0.18152350081037277,0.7733793022159358,0.007405705887998518,0.5226444399658545,0.7841405166658107,0.0033970408698379573,0.7773645325206119
centres_ge_20_patients,top20_mutual_info,617,112,0.18152350081037277,0.750106082036775,0.013456968517482251,0.4896187036341315,0.7481724958485269,0.014972861693905154,0.7589519090020295
centres_ge_20_patients,without_serologia,617,112,0.18152350081037277,0.781152758132956,0.005353056731937818,0.533219680903449,0.791313577457073,0.003470527968735667,0.7852575898491123
