feature,frequency
Opoznienie_Rozpoznia,1.0
Biopsja_Wynik_0.0,0.96
Manifestacja_Oddechowy,0.96
Zap_GPA,0.94
Praca_3.0,0.92
Manifestacja_Nerki,0.84
Palenie_Tytoniu_3.0,0.82
Leczenie_Glikokortkosteroidy_Doustnie,0.68
Biops_Inne,0.66
Manifestacja_Nos/Ucho/Gardlo,0.6
Wiek_rozpoznania,0.54
Kreatynina,0.54
Manifestacja_Miesno-Szkiel,0.54
Praca_2.0,0.48
Manifestacja_Moczowo-Plciowy,0.36
Pulsy_4.0,0.32
Praca_5.0,0.32
Pulsy_0.0,0.28
Biops_Tetnica_Skroniowa,0.24
Manifestacja_Objaw_Ogol,0.16
Biops_Nos/ucho/gardlo,0.16
Palenie_Tytoniu_4.0,0.14
Leczenie_Azatiopryna,0.12
Eozynofilia_Krwi_Obwodowej,0.1
Eozynofilia_Krwi_Obwodowej_Wartosc,0.1
Manifestacja_Skora,0.08
Palenie_Tytoniu_2.0,0.08
Praca_6.0,0.06
Manifestacja_Zajecie_CSN,0.06
Manifestacja_Pokarmowy,0.06
ANCA_Nie-Badano,0.06
Droga_Podania_0.0,0.06
Biopsja_Wynik_2.0,0.06
Biopsja_Wynik_3.0,0.06
Liczba_Zajetych_Narzadow,0.04
Nadcisnienie,0.04
Anti-PR3_Wartosc,0.04
Praca_4.0,0.02
Praca_1.0,0.02
Praca_0.0,0.02
Rozpoznanie_2.0,0.02
Plec,0.02
Manifestacja_Neurologiczny,0.02
Manifestacja_Sercowo-Naczyniowy,0.02
Leczenie_Methotrexate,0.02
Manifestacja_Wzrok,0.02
Plazmaferezy,0.02
Leczenie_Plazmaferezy,0.02
ANCA_Atypowy,0.0
Inne_Rozpoznanie,0.0
Leczenie_Glikokortkosteroidy_PulsIV_Doustnie,0.0
Leczenie_BD,0.0
Max_CRP,0.0
Praca_7.0,0.0
Palenie_Tytoniu_1.0,0.0
Paczkolata,0.0
Pulsy_1.0,0.0
Laboratorium,0.0
Pulsy_2.0,0.0
Pulsy_3.0,0.0
Objawy_Radiologiczne,0.0
Objawy_Kliniczne,0.0
Droga_Podania_1.0,0.0
Droga_Podania_2.0,0.0
Droga_Podania_3.0,0.0
Histologia,0.0
Cukrzyca,0.0
Zes_Goodpasture,0.0
Leczenie_Cyklofofsfamid,0.0
Rozpoznanie_infrequent_sklearn,0.0
ANCA_Obecne,0.0
Leczenie_Rituximab,0.0
ANCA_Nieobecne,0.0
ANCA-P,0.0
ANCA_BD,0.0
Zap_MPA,0.0
Anti-PR3,0.0
Anti-MPO_Wartosc,0.0
Anti-MPO,0.0
Anti-GBM,0.0
Krioglobuliny,0.0
ANCA-C,0.0
Biops_Skora,0.0
Biops_Nerki,0.0
Biops_Pluco,0.0
Biops_Oko,0.0
Leczenie_Inne,0.0
Biops_Nerw_Obwodowy,0.0
Biops_Miesnie,0.0
Biops_Jelito,0.0
Biops_Pecherz_Mocz,0.0
Leczenie_MMF,0.0
Rozpoznanie_1.0,0.0
Biopsja_Wynik_4.0,0.0
