variant,n,n_features,model,roc_auc_mean,roc_auc_sd,pr_auc_mean,pr_auc_sd,brier_mean,brier_sd,cal_slope_mean,cal_slope_sd,cal_intercept_mean,cal_intercept_sd,sensitivity_mean,sensitivity_sd,specificity_mean,specificity_sd,balanced_accuracy_mean,balanced_accuracy_sd,f1_mean,f1_sd,ppv_mean,ppv_sd,npv_mean,npv_sd,roc_auc_ci_low,roc_auc_ci_high
A_legacy_all_columns,893,142.0,logreg,0.8863522746208966,0.0025940406650430538,0.6759413459439607,0.007554211293362928,0.11546838934474704,0.002102734126993709,0.634693308127362,0.013310092895231057,-1.1454382965374883,0.04322843785014389,0.8705882352941176,0.008786992901152375,0.7337110481586402,0.016365750719959427,0.8021496417263789,0.010394177880087197,0.6056520944415802,0.01468324930828117,0.4644704520525235,0.015917640413449004,0.9553429986848536,0.0033097650319139343,0.864416157913075,0.9190894320643529
A_legacy_all_columns,893,142.0,xgboost,0.9057013225068549,0.006005943022670574,0.7218697111053711,0.012895264013269113,0.09954281287873888,0.002410052844192072,0.99206926513813,0.03911490325758158,-0.8319565836006271,0.024494454507162946,0.8919786096256684,0.0243300816386681,0.7671388101983003,0.014875893317978605,0.8295587099119842,0.005269947182601299,0.6437974967478141,0.0033205746795992265,0.5039608641508504,0.009703062507097732,0.9641937146514475,0.007173464946337264,0.8833135765251247,0.9325349184226872
A_legacy_all_columns,893,142.0,catboost,0.909021223735438,0.006382004158290421,0.7561205501356361,0.02061050589917835,0.09164217062640588,0.0025689510816170043,0.960417893862908,0.037325078552781804,-0.6422533303938799,0.04085845506688389,0.8962566844919785,0.013422353366856824,0.738243626062323,0.011654392312025027,0.8172501552771507,0.01005741049473177,0.6215335925299954,0.012762911993251993,0.47578045387282647,0.012488300196041352,0.9641085375571355,0.004635575522297874,0.8888802623805122,0.9378253245671174
A_legacy_all_columns,893,,majority_class,0.5,,0.20940649496080627,,0.16555541482903607,,,,,,,,,,,,,,,,,,,
B_recoded_all_columns,893,105.0,logreg,0.8731029676872037,0.005203946638022219,0.6312804587734158,0.005521684815640307,0.12668599455498297,0.0027551279231206698,0.7102911671398331,0.020413758515544892,-1.1516394789982958,0.02995444951058744,0.8737967914438503,0.01108900607129824,0.7028328611898017,0.00595911727137751,0.788314826316826,0.003567888137006717,0.5833585684479443,0.0030564933615862973,0.4378601808798336,0.0029675013652731815,0.9546266396305235,0.0034866969286598197,0.8499333444425929,0.9045628758843224
B_recoded_all_columns,893,105.0,xgboost,0.8777355289269971,0.006934717344691267,0.6491579371449949,0.01080333367132808,0.11738532147859874,0.0021042112337534514,1.0363675640636458,0.03840602349741736,-0.8611990214813586,0.013337816217242485,0.8834224598930481,0.017492435544166973,0.6974504249291785,0.023070867445425875,0.7904364424111133,0.013088596407954907,0.5842847340929396,0.017550207712711128,0.43672647385305635,0.018862072751666608,0.9576319480270911,0.006009675281438489,0.8537811879838209,0.9089894108557665
B_recoded_all_columns,893,105.0,catboost,0.8772386420445077,0.004953735469974141,0.6745381032333118,0.008221364406334641,0.10724332172051212,0.0010459841265146464,0.9468917517709942,0.033701908193195615,-0.62048973596332,0.022829071374379,0.8877005347593583,0.015590780467500788,0.6626062322946177,0.02026535520280953,0.775153383526988,0.007821993327269199,0.5617507257680838,0.010594304223545266,0.41105056747816127,0.01228544518487891,0.957119554640556,0.004991520733762898,0.8568617351653511,0.9113876853857691
B_recoded_all_columns,893,,majority_class,0.5,,0.20940649496080627,,0.16555541482903607,,,,,,,,,,,,,,,,,,,
C_baseline_features,893,72.0,logreg,0.8171865295178076,0.008305116346773592,0.5870963597703281,0.006633622535915339,0.1591037786149168,0.0024323096970692262,0.7882113314334193,0.02553040086980962,-1.2151676286457234,0.007146025625888821,0.8737967914438503,0.009714386162879634,0.5045325779036827,0.0251471286358891,0.6891646846737665,0.01022821372654664,0.4669209452240712,0.00983714311211357,0.31867186532722525,0.00972292798462105,0.9378681642503132,0.0034856680564603927,0.7858186514368817,0.8562427095484086
C_baseline_features,893,72.0,xgboost,0.8251321749405403,0.006717626271396965,0.6237206679334725,0.0059940368503306665,0.13730171128805474,0.0018721628354053973,0.9628632514266601,0.019706235744501338,-0.9541160316219542,0.005866269016638898,0.8877005347593583,0.00654943781492831,0.5223796033994335,0.022627451045570384,0.7050400690793959,0.009947767062932352,0.48119883723678863,0.009684573133907037,0.3301309293274125,0.00934042564146507,0.9461086112623553,0.0025449614799922774,0.7915231931041796,0.8651137689173016
C_baseline_features,893,72.0,catboost,0.8186468921846359,0.0069650738839997185,0.636442447095315,0.005911776335508657,0.12689610942825658,0.0014772125732221252,0.8407712064203263,0.020671278862579585,-0.7292059822422048,0.022286976091833877,0.881283422459893,0.012194389573252827,0.45297450424929175,0.019636857592774365,0.6671289633545924,0.008587130867326872,0.44670312240270044,0.007437630292004979,0.29922094508700625,0.006757016613289053,0.9351347856829506,0.005514739131679399,0.785649740194816,0.8609173092363395
C_baseline_features,893,,majority_class,0.5,,0.20940649496080627,,0.16555541482903607,,,,,,,,,,,,,,,,,,,
D_baseline_without_incomplete,801,72.0,logreg,0.7421169857347405,0.006003821771604845,0.32654988589492306,0.010474672930612168,0.18000657405099058,0.003718716839616628,0.5508720130654384,0.012637904614491172,-1.7299479183334636,0.03363374668682128,0.8532110091743119,0.01946165452807014,0.41242774566473994,0.022999134892870244,0.632819377419526,0.01571036489039556,0.3057792394259218,0.010276626982007033,0.18629448443050717,0.007078426008452935,0.9468085203443145,0.007704151254035221,0.7033276767248237,0.8025444795036327
D_baseline_without_incomplete,801,72.0,xgboost,0.7337460889855226,0.008728521148684278,0.3329008390801308,0.015535805592216952,0.12516984019380065,0.0022214619632087624,0.7371980595764276,0.03828500693710541,-0.8967107686786736,0.011302237396508598,0.8623853211009175,0.017163565994375865,0.3453757225433526,0.023189026785955504,0.6038805218221349,0.011837827069773694,0.28668693138478135,0.007172424497621925,0.17194169847686186,0.004984975439874508,0.9409221342333227,0.006719635911166455,0.6891045102614415,0.7949319218327411
D_baseline_without_incomplete,801,72.0,catboost,0.7186588534761628,0.012245073515435231,0.3335813315334745,0.022100919987105793,0.12811348623323857,0.0029284115187297693,0.582235705580721,0.03461862604540454,-0.8569520777065044,0.03864335908719272,0.891743119266055,0.017647141340982903,0.2653179190751445,0.014969033713963645,0.5785305191705998,0.007954638032230047,0.27205203704739944,0.004197245753659944,0.16051725309403733,0.002620957271407891,0.9397533838656467,0.008197194876992936,0.6775322161531527,0.7849280108182637
D_baseline_without_incomplete,801,,majority_class,0.5,,0.13607990012484394,,0.11756216090685644,,,,,,,,,,,,,,,,,,,
E_baseline_leave_one_centre_out,893,72.0,logreg,0.751768644619836,,0.4303941075460607,,0.17684836989884803,,0.5893526587139774,,-1.0209641243384324,,,,,,,,,,,,,,,
E_baseline_leave_one_centre_out,893,72.0,xgboost,0.761017103210071,,0.47661784082958514,,0.15467729268151156,,0.8479237888625302,,-0.72888675420202,,,,,,,,,,,,,,,
E_baseline_leave_one_centre_out,893,72.0,catboost,0.7626153216888094,,0.5032163463104227,,0.14417006704794139,,0.7682551588530591,,-0.5024760667384605,,,,,,,,,,,,,,,
