centre,n,deaths,roc_auc,model
CSKMW,23,0,,logreg
GUMBR,102,25,0.7698701298701299,logreg
GUMZZ,138,26,0.7348901098901099,logreg
KRKGB,28,2,0.7307692307692307,logreg
KRKJG,26,1,0.0,logreg
KRKKA,47,9,0.6491228070175439,logreg
KRKKW,46,11,0.7922077922077921,logreg
PUMMB,64,9,0.6383838383838383,logreg
UMLMM,79,2,0.8311688311688312,logreg
UMOTP,46,36,0.47777777777777775,logreg
UMWMK,88,13,0.5435897435897437,logreg
UMWPW,34,3,0.7741935483870968,logreg
WIMWT,30,4,0.8365384615384616,logreg
WIRMO,23,0,,logreg
other,119,46,0.8192376414532461,logreg
CSKMW,23,0,,xgboost
GUMBR,102,25,0.7262337662337662,xgboost
GUMZZ,138,26,0.7211538461538463,xgboost
KRKGB,28,2,0.9423076923076923,xgboost
KRKJG,26,1,0.12,xgboost
KRKKA,47,9,0.652046783625731,xgboost
KRKKW,46,11,0.9116883116883117,xgboost
PUMMB,64,9,0.6464646464646464,xgboost
UMLMM,79,2,0.9090909090909091,xgboost
UMOTP,46,36,0.40555555555555556,xgboost
UMWMK,88,13,0.6789743589743591,xgboost
UMWPW,34,3,0.9247311827956989,xgboost
WIMWT,30,4,0.7980769230769231,xgboost
WIRMO,23,0,,xgboost
other,119,46,0.7626563430613462,xgboost
CSKMW,23,0,,catboost
GUMBR,102,25,0.7340259740259741,catboost
GUMZZ,138,26,0.6500686813186813,catboost
KRKGB,28,2,0.9615384615384616,catboost
KRKJG,26,1,0.040000000000000036,catboost
KRKKA,47,9,0.6374269005847953,catboost
KRKKW,46,11,0.9038961038961039,catboost
PUMMB,64,9,0.6646464646464647,catboost
UMLMM,79,2,0.935064935064935,catboost
UMOTP,46,36,0.5472222222222222,catboost
UMWMK,88,13,0.601025641025641,catboost
UMWPW,34,3,0.9139784946236559,catboost
WIMWT,30,4,0.9230769230769231,catboost
WIRMO,23,0,,catboost
other,119,46,0.7951161405598571,catboost
