experiment,stage,hypothesis,config,n_repeats,seconds,roc_auc_mean,roc_auc_sd,pr_auc_mean,pr_auc_sd,brier_mean,brier_sd,cal_slope_mean,cal_slope_sd,cal_intercept_mean,cal_intercept_sd,roc_auc_ci_low,roc_auc_ci_high,reference,delta_auc,sd_auc,delta_brier,delong_p,decision,outer_fold_params
S1_logreg,S1,model family comparison at default regularised settings,"{""kind"": ""logreg"", ""cols"": ""base""}",10,1.8,0.5986890756302522,0.022327801199406277,0.780015178239003,0.013893974376968782,0.25074594621967516,0.007415021918082808,0.25890663352607857,0.059608781125092186,0.7904825175456329,0.03364763773701369,0.5310042016806722,0.6832079831932772,,,,,,,
S1_random_forest,S1,model family comparison at default regularised settings,"{""kind"": ""random_forest"", ""cols"": ""base""}",10,28.0,0.6571428571428571,0.01136530243382525,0.7903266391140842,0.010733076546102161,0.20989469015168863,0.0023523536191363105,1.0660224513731902,0.11816693444680393,0.56887769244316,0.009689351141622452,0.577718487394958,0.7364810924369748,S1_logreg,0.05845378151260494,0.022327801199406277,-0.040851256067986536,0.12936191075521167,reject,
S1_hist_gb,S1,model family comparison at default regularised settings,"{""kind"": ""hist_gb"", ""cols"": ""base""}",10,75.8,0.6403109243697479,0.0176425697905211,0.7871083117797818,0.01633511370169526,0.22998856485115002,0.008956155049526883,0.25348969215667,0.035677802861388504,0.27228817624026835,0.08266042981805731,0.5826848739495798,0.7364033613445378,S1_logreg,0.041621848739495704,0.022327801199406277,-0.020757381368525146,0.18188159331316733,reject,
S1_xgboost,S1,model family comparison at default regularised settings,"{""kind"": ""xgboost"", ""cols"": ""base""}",10,7.8,0.6400588235294118,0.01098153898429993,0.7808738373618664,0.008571691750163438,0.22188018191041467,0.002397160952987965,0.43837789238959646,0.04174518479584735,-1.0842525927987914,0.04073311829612122,0.575626050420168,0.7289957983193277,S1_logreg,0.04136974789915959,0.022327801199406277,-0.028865764309260494,0.24070467930591277,reject,
S1_lightgbm,S1,model family comparison at default regularised settings,"{""kind"": ""lightgbm"", ""cols"": ""base""}",10,4.0,0.6456218487394958,0.01452987645057476,0.7860693122370621,0.007692765781504567,0.2214372774247173,0.005439968365689739,0.4782474686790864,0.052083024095389306,0.646167221636319,0.03255095450184949,0.5777289915966386,0.7331134453781512,S1_logreg,0.0469327731092436,0.022327801199406277,-0.02930866879495786,0.19612572576895337,reject,
S1_catboost,S1,model family comparison at default regularised settings,"{""kind"": ""catboost"", ""cols"": ""base""}",10,20.0,0.6612100840336134,0.019102704988670408,0.8038032012787364,0.020396916573278055,0.2139509118423725,0.008225544562890886,0.36557832292174564,0.057551657824960044,0.19578702093011324,0.062373136004107314,0.5984012605042016,0.7516029411764706,S1_logreg,0.06252100840336117,0.022327801199406277,-0.036795034377302666,0.042122128872577894,accept,
S1_ebm,S1,model family comparison at default regularised settings,"{""kind"": ""ebm"", ""cols"": ""base""}",10,134.3,0.6118823529411765,0.021279269700956234,0.7739500327280939,0.014241053176067187,0.21045785594768715,0.008565869578849694,0.4078135784576163,0.18104375406989673,-0.013371040252308402,0.03379675829705218,0.5532689075630252,0.7077310924369747,S1_logreg,0.013193277310924345,0.022327801199406277,-0.040288090271988014,0.5071504889470178,reject,
S2_catboost_smote,S2,SMOTE (in-fold) beats class weights,"{""kind"": ""catboost"", ""cols"": ""base"", ""balance"": ""smote""}",10,17.3,0.6313277310924371,0.014414087896962876,0.7864561697251682,0.016324951057951374,0.22374782381230207,0.006513151315944376,0.27780919076656635,0.04337026878380784,-0.02192774385185888,0.04946799458781712,0.5637731092436975,0.7195882352941175,S1_catboost,-0.02988235294117625,0.019102704988670408,0.009796911969929573,0.004441768746677426,reject,
S2_catboost_no_weights,S2,unweighted training gives better calibration,"{""kind"": ""catboost"", ""cols"": ""base"", ""balance"": ""none""}",10,18.2,0.6555882352941176,0.020477866864743996,0.7976146327306821,0.021531266288826293,0.21103432277237782,0.007534080233058239,0.3659782464282517,0.07307138363771531,-0.25301808912627954,0.045937716642905614,0.5892394957983194,0.7447163865546218,S1_catboost,-0.005621848739495783,0.020477866864743996,-0.002916589069994674,0.3899260203868318,accept,
S3_catboost_iterative_imputer,S3,multivariate imputation beats median,"{""kind"": ""catboost"", ""cols"": ""base"", ""imputer"": ""iterative""}",10,25.0,0.6273193277310924,0.01687597543461496,0.7797294654063311,0.015255798598439398,0.22247346600457693,0.007240751223139307,0.285702420625888,0.05687947422403173,0.143254908698741,0.07549194621501834,0.5648676470588235,0.7249579831932773,S1_catboost,-0.03389075630252092,0.019102704988670408,0.008522554162204432,0.061546919449316354,reject,
S4_catboost_clinical_features,S4,eGFR / log-labs / organ count add signal,"{""kind"": ""catboost"", ""cols"": ""fe""}",10,20.6,0.6507899159663866,0.019005687905035394,0.795768535957631,0.019780455745438803,0.2177568563696537,0.009177813102984642,0.3391826551717046,0.06752431512538434,0.1772665417657683,0.0630629504020568,0.5830210084033614,0.7399159663865545,S1_catboost,-0.010420168067226787,0.019102704988670408,0.0038059445272811965,0.0314375463002959,reject,
S5_catboost_l1_selection,S5,in-fold L1 feature selection reduces noise,"{""kind"": ""catboost"", ""cols"": ""base"", ""select_l1_C"": 0.1}",10,8.8,0.5925966386554622,0.03278661408649383,0.784607761284754,0.019112730382982286,0.25418814217230956,0.014218773790750006,0.18623396071398918,0.06830543021519707,0.43331042515663204,0.08277646182023651,0.5365420168067228,0.6853865546218486,S1_catboost,-0.06861344537815117,0.03278661408649383,0.04023723032993706,0.02497905070100444,reject,
S2_random_forest_smote,S2,SMOTE (in-fold) beats class weights,"{""kind"": ""random_forest"", ""cols"": ""base"", ""balance"": ""smote""}",10,18.5,0.6368067226890757,0.010463975262942776,0.7846810848975132,0.009404122028499676,0.20466263969452606,0.001632903489690248,0.7900627867611402,0.056681576047711325,0.37742211707676354,0.019140746220639927,0.5622668067226891,0.719747899159664,S1_random_forest,-0.020336134453781463,0.01136530243382525,-0.005232050457162574,0.1583540236225729,reject,
S2_random_forest_no_weights,S2,unweighted training gives better calibration,"{""kind"": ""random_forest"", ""cols"": ""base"", ""balance"": ""none""}",10,18.1,0.648672268907563,0.013265770493134365,0.7843030004195961,0.010924646934261999,0.19596932428119646,0.0020593907017636445,0.9888397684901566,0.1291713098850183,0.023296617751099973,0.01022814311123994,0.5710063025210084,0.729516806722689,S1_random_forest,-0.008470588235294119,0.013265770493134365,-0.013925365870492173,0.17431902489504902,accept,
S3_random_forest_iterative_imputer,S3,multivariate imputation beats median,"{""kind"": ""random_forest"", ""cols"": ""base"", ""imputer"": ""iterative""}",10,33.5,0.6390168067226891,0.011621244143542674,0.7674886235442433,0.012105547712477035,0.21230189729980903,0.0024409404842200863,0.7546950105590893,0.1169093909320703,0.5265440474482896,0.017600764658682377,0.5692205882352942,0.7276617647058823,S1_random_forest,-0.018126050420168016,0.011621244143542674,0.0024072071481203994,0.38244484424326,reject,
S4_random_forest_clinical_features,S4,eGFR / log-labs / organ count add signal,"{""kind"": ""random_forest"", ""cols"": ""fe""}",10,24.9,0.6348487394957983,0.011182404720491835,0.7748416738857735,0.009111916854943976,0.21239029884260957,0.002026493202156504,0.8392945037038431,0.08337719502979388,0.537559576052824,0.013773001889321037,0.5612457983193277,0.7188256302521009,S1_random_forest,-0.022294117647058798,0.01136530243382525,0.002495608690920942,0.11046142446342343,reject,
S5_random_forest_l1_selection,S5,in-fold L1 feature selection reduces noise,"{""kind"": ""random_forest"", ""cols"": ""base"", ""select_l1_C"": 0.1}",10,23.7,0.6053571428571429,0.02506213394642742,0.7792375302492502,0.01718151231334062,0.2274171302623961,0.005546435801968192,0.4889394988693563,0.12066186657572334,0.6544942885351641,0.02932492067721727,0.5450378151260504,0.6958004201680672,S1_random_forest,-0.05178571428571421,0.02506213394642742,0.01752244011070747,0.07133082509833738,reject,
S2_lightgbm_smote,S2,SMOTE (in-fold) beats class weights,"{""kind"": ""lightgbm"", ""cols"": ""base"", ""balance"": ""smote""}",10,7.9,0.6274537815126051,0.017176467390608907,0.7868739312741984,0.01000532508637085,0.21272482282587327,0.005033239721603409,0.39050239145357046,0.04874499448875397,0.16939993424571947,0.03127171402764655,0.5582331932773109,0.7191680672268908,S1_lightgbm,-0.018168067226890683,0.017176467390608907,-0.008712454598844038,0.21180671813437646,reject,
S2_lightgbm_no_weights,S2,unweighted training gives better calibration,"{""kind"": ""lightgbm"", ""cols"": ""base"", ""balance"": ""none""}",10,4.2,0.652,0.015905027313396502,0.7898298818216657,0.009779692270848982,0.19962747926569388,0.004514018062971744,0.5284519680320215,0.058841407157971426,-0.042419049076353216,0.031242823231555677,0.5841995798319328,0.7400840336134453,S1_lightgbm,0.006378151260504228,0.015905027313396502,-0.021809798159023425,0.11402611632396918,accept,
S3_lightgbm_iterative_imputer,S3,multivariate imputation beats median,"{""kind"": ""lightgbm"", ""cols"": ""base"", ""imputer"": ""iterative""}",10,14.9,0.6167815126050421,0.015028372761345995,0.7525505907473098,0.008720398975507351,0.22799681970171276,0.0052615226538146875,0.34417065816910136,0.038106437862655544,0.6028828700082276,0.05256605920084013,0.5512394957983192,0.7134516806722689,S1_lightgbm,-0.028840336134453692,0.015028372761345995,0.006559542276995456,0.07022542073383746,reject,
S4_lightgbm_clinical_features,S4,eGFR / log-labs / organ count add signal,"{""kind"": ""lightgbm"", ""cols"": ""fe""}",10,4.5,0.6343697478991597,0.011044090094947267,0.7800182640490232,0.0060981389854445085,0.22447716696434156,0.004329444441566586,0.41715639925335485,0.03807367110540617,0.6160525053800117,0.0361104880757581,0.5675609243697478,0.7220210084033614,S1_lightgbm,-0.011252100840336121,0.01452987645057476,0.003039889539624252,0.13156351010212053,reject,
S5_lightgbm_l1_selection,S5,in-fold L1 feature selection reduces noise,"{""kind"": ""lightgbm"", ""cols"": ""base"", ""select_l1_C"": 0.1}",10,4.0,0.587983193277311,0.02386859536550492,0.7708625378020967,0.016669836572117496,0.24737609314991066,0.008090527548043904,0.29047261787325296,0.08165025361400208,0.7782446896123891,0.046608962666088105,0.5278130252100841,0.6797563025210084,S1_lightgbm,-0.05763865546218483,0.02386859536550492,0.025938815725193354,0.024047052969797908,reject,
S6_catboost_default_2x,S6,reference for nested tuning (same outer folds),"{""kind"": ""catboost"", ""cols"": ""base"", ""balance"": ""none""}",2,3.6,0.6515546218487396,0.013488507506667802,0.7975057654028361,0.018613610248284302,0.21416303659837566,0.00784733263680008,0.3427717199824946,0.06680689112924451,-0.2786607919164661,0.023372532479527804,0.5786491596638655,0.7330399159663864,,,,,,,
S6_catboost_nested_optuna,S6,Optuna tuning (nested CV) beats defaults,"{""kind"": ""catboost"", ""cols"": ""base"", ""balance"": ""none"", ""tuned"": true}",2,492.4,0.6558403361344538,0.03167125330860757,0.8101900593219477,0.025321146409668795,0.20782995113300412,0.008442332735507069,0.3562147207547347,0.10653059347299881,-0.29465407938044297,0.1261832087316405,0.5957079831932773,0.7450420168067228,S6_catboost_default_2x,0.004285714285714226,0.03167125330860757,-0.006333085465371535,0.44897553260315093,reject,"[{'iterations': 700, 'depth': 5, 'learning_rate': 0.027098919673510587, 'l2_leaf_reg': 1.923537640025571}, {'iterations': 200, 'depth': 5, 'learning_rate': 0.012627875844350954, 'l2_leaf_reg': 14.289637638479622}, {'iterations': 700, 'depth': 3, 'learning_rate': 0.06666972234076761, 'l2_leaf_reg': 2.792493407612074}, {'iterations': 500, 'depth': 6, 'learning_rate': 0.059683410946797154, 'l2_leaf_reg': 8.441376453457003}, {'iterations': 300, 'depth': 4, 'learning_rate': 0.010180628655329923, 'l2_leaf_reg': 6.922749265952523}, {'iterations': 800, 'depth': 6, 'learning_rate': 0.042864492589024, 'l2_leaf_reg': 6.186217410914799}, {'iterations': 800, 'depth': 6, 'learning_rate': 0.06803692933732573, 'l2_leaf_reg': 14.073646481183074}, {'iterations': 200, 'depth': 4, 'learning_rate': 0.010061247127595829, 'l2_leaf_reg': 9.155179146785546}, {'iterations': 800, 'depth': 6, 'learning_rate': 0.023373770349443403, 'l2_leaf_reg': 6.798242315203773}, {'iterations': 300, 'depth': 6, 'learning_rate': 0.028837935073762436, 'l2_leaf_reg': 2.4144440623268983}]"
S6_random_forest_default_2x,S6,reference for nested tuning (same outer folds),"{""kind"": ""random_forest"", ""cols"": ""base"", ""balance"": ""none""}",2,3.6,0.6514285714285715,0.0016637806616154628,0.7827518695054643,0.0027947836104754843,0.19592582308835493,0.001240007589860493,0.9606966075652863,0.13178501277372218,0.018906203168520874,0.0010125923049812877,0.5749558823529411,0.7308445378151259,,,,,,,
S6_random_forest_nested_optuna,S6,Optuna tuning (nested CV) beats defaults,"{""kind"": ""random_forest"", ""cols"": ""base"", ""balance"": ""none"", ""tuned"": true}",2,282.7,0.6328991596638656,0.0031492991094861987,0.7841119899371529,0.002225828645016247,0.19866403768091467,0.0011579142038682813,0.9459298272779808,0.06701088295379472,0.01725918994919091,0.0011962972849366305,0.5562983193277311,0.7148256302521008,S6_random_forest_default_2x,-0.018529411764705905,0.0031492991094861987,0.00273821459255974,0.18717876924929466,reject,"[{'n_estimators': 700, 'min_samples_leaf': 6, 'max_features': 'sqrt', 'max_depth': 12}, {'n_estimators': 600, 'min_samples_leaf': 14, 'max_features': 'sqrt', 'max_depth': 8}, {'n_estimators': 300, 'min_samples_leaf': 20, 'max_features': 'sqrt', 'max_depth': 6}, {'n_estimators': 400, 'min_samples_leaf': 11, 'max_features': 0.3, 'max_depth': 12}, {'n_estimators': 400, 'min_samples_leaf': 16, 'max_features': 0.5, 'max_depth': 4}, {'n_estimators': 600, 'min_samples_leaf': 20, 'max_features': 0.3, 'max_depth': 4}, {'n_estimators': 500, 'min_samples_leaf': 6, 'max_features': 'sqrt', 'max_depth': 12}, {'n_estimators': 600, 'min_samples_leaf': 18, 'max_features': 0.5, 'max_depth': 12}, {'n_estimators': 400, 'min_samples_leaf': 17, 'max_features': 'sqrt', 'max_depth': 6}, {'n_estimators': 400, 'min_samples_leaf': 7, 'max_features': 'sqrt', 'max_depth': 12}]"
S6_lightgbm_default_2x,S6,reference for nested tuning (same outer folds),"{""kind"": ""lightgbm"", ""cols"": ""base"", ""balance"": ""none""}",2,0.8,0.6466386554621849,0.00546670788816498,0.7907180940178883,0.010451087796197755,0.2008042020695945,0.0012284138519903162,0.5175378229974745,0.009019536858864925,-0.050084631742150616,0.005430384678603792,0.5764621848739495,0.7312626050420168,,,,,,,
S6_lightgbm_nested_optuna,S6,Optuna tuning (nested CV) beats defaults,"{""kind"": ""lightgbm"", ""cols"": ""base"", ""balance"": ""none"", ""tuned"": true}",2,45.4,0.6173949579831933,0.02578860025503873,0.7666111728849143,0.00555464653744915,0.20973974702803228,0.0020659590965171086,0.35062422181078623,0.007324058333957172,-0.07580003637593156,0.004507494636336824,0.5472983193277311,0.7058865546218487,S6_lightgbm_default_2x,-0.02924369747899158,0.02578860025503873,0.008935544958437763,0.11454177857950236,reject,"[{'n_estimators': 450, 'learning_rate': 0.03924299413175788, 'num_leaves': 19, 'min_child_samples': 50, 'colsample_bytree': 0.9436011841735724, 'reg_lambda': 11.219233836140056}, {'n_estimators': 150, 'learning_rate': 0.08585472989798655, 'num_leaves': 9, 'min_child_samples': 25, 'colsample_bytree': 0.7064259338682446, 'reg_lambda': 2.489964087300005}, {'n_estimators': 100, 'learning_rate': 0.06153825263615906, 'num_leaves': 17, 'min_child_samples': 29, 'colsample_bytree': 0.40967099424188114, 'reg_lambda': 3.9836678948688213}, {'n_estimators': 500, 'learning_rate': 0.023135381072590937, 'num_leaves': 20, 'min_child_samples': 16, 'colsample_bytree': 0.8129377071701197, 'reg_lambda': 2.323450646313174}, {'n_estimators': 300, 'learning_rate': 0.0375169967785674, 'num_leaves': 16, 'min_child_samples': 34, 'colsample_bytree': 0.7101951749586091, 'reg_lambda': 0.17317280844722438}, {'n_estimators': 350, 'learning_rate': 0.10508421338691762, 'num_leaves': 9, 'min_child_samples': 36, 'colsample_bytree': 0.7554487413172255, 'reg_lambda': 0.12790390175145838}, {'n_estimators': 250, 'learning_rate': 0.011058500546306244, 'num_leaves': 26, 'min_child_samples': 27, 'colsample_bytree': 0.6752407747552696, 'reg_lambda': 0.7946040695361639}, {'n_estimators': 200, 'learning_rate': 0.010105751513727158, 'num_leaves': 15, 'min_child_samples': 27, 'colsample_bytree': 0.6812231313327053, 'reg_lambda': 3.2079401569021613}, {'n_estimators': 150, 'learning_rate': 0.09286275066947249, 'num_leaves': 17, 'min_child_samples': 42, 'colsample_bytree': 0.5468503203657309, 'reg_lambda': 9.403329489202818}, {'n_estimators': 300, 'learning_rate': 0.17254716573280354, 'num_leaves': 24, 'min_child_samples': 40, 'colsample_bytree': 0.4936111842654619, 'reg_lambda': 0.22853255256339203}]"
S7_catboost_candidate,S7,final candidate with accepted options,"{""kind"": ""catboost"", ""cols"": ""base"", ""params"": null, ""balance"": ""none""}",10,18.1,0.6555882352941176,0.020477866864743996,0.7976146327306821,0.021531266288826293,0.21103432277237782,0.007534080233058239,0.3659782464282517,0.07307138363771531,-0.25301808912627954,0.045937716642905614,0.5892394957983194,0.7447163865546218,,,,,,,
S7_random_forest_candidate,S7,final candidate with accepted options,"{""kind"": ""random_forest"", ""cols"": ""base"", ""params"": null, ""balance"": ""none""}",10,17.9,0.648672268907563,0.013265770493134365,0.7843030004195961,0.010924646934261999,0.19596932428119646,0.0020593907017636415,0.9888397684901568,0.1291713098850184,0.023296617751099948,0.010228143111239936,0.5710063025210084,0.729516806722689,,,,,,,
S7_lightgbm_candidate,S7,final candidate with accepted options,"{""kind"": ""lightgbm"", ""cols"": ""base"", ""params"": null, ""balance"": ""none""}",10,4.2,0.652,0.015905027313396502,0.7898298818216657,0.009779692270848982,0.19962747926569388,0.004514018062971744,0.5284519680320215,0.058841407157971426,-0.042419049076353216,0.031242823231555677,0.5841995798319328,0.7400840336134453,,,,,,,
S7_stacking,S7,OOF stacking of top candidates beats the best single model,"{""kind"": ""stacking"", ""members"": [""catboost"", ""random_forest"", ""lightgbm""]}",3,72.9,0.6238095238095239,0.030974718481993024,0.7733067295885255,0.017919548256295412,0.20317380209621308,0.0013691955623549525,2.398293005747895,1.2966727240612281,-0.016360271378416783,0.007992264477627613,0.5544453781512605,0.7131134453781511,S7_catboost_candidate,-0.02759103641456573,0.030974718481993024,-0.010122369864457775,0.1254430270491626,reject,
S8_S7_random_forest_candidate_sigmoid,S8,sigmoid calibration improves Brier without AUC loss,"{""kind"": ""random_forest"", ""cols"": ""base"", ""params"": {}, ""balance"": ""none"", ""calibration"": ""sigmoid""}",10,97.9,0.6350252100840337,0.013176334818942653,0.7826755879178353,0.013943665483219445,0.19858141161469972,0.0019242986342192737,1.217496116511755,0.17150475422286984,0.11674388489560225,0.017811185129874743,0.5603361344537816,0.7206008403361344,S7_random_forest_candidate,-0.013647058823529346,0.013265770493134365,0.0026120873335032657,0.4089387958855697,reject,
S8_S7_random_forest_candidate_isotonic,S8,isotonic calibration improves Brier without AUC loss,"{""kind"": ""random_forest"", ""cols"": ""base"", ""params"": {}, ""balance"": ""none"", ""calibration"": ""isotonic""}",10,99.8,0.6499285714285714,0.014145839225622327,0.7954734129150607,0.011932092892816564,0.19917927895178333,0.0032018193110252002,0.5227521523375929,0.14977562346262405,0.07799911775606808,0.04117759224003994,0.5718466386554623,0.7298340336134455,S7_random_forest_candidate,0.00125630252100839,0.014145839225622327,0.0032099546705868787,0.8577741030035673,reject,
